{"throughput_batches":2.530148296119303,"tokens_seen":52559270,"_wandb":{"runtime":472},"lr":0.00526,"throughput_tokens":129504.37546271845,"update_step":526,"_step":1052,"_runtime":472.091907797,"_timestamp":1.7269981827242079e+09,"throughput_examples":647.7179638065415,"loss":4.65625}